t1,ch1,t2,ch2
-375,3.38587036132813,-374.999999875,-0.0208934116363525
-374.5,3.38090209960938,-374.499999875,-0.0109144687652588
-374,3.38090209960938,-373.999999875,-0.0109144687652588
-373.5,3.38587036132813,-373.499999875,-0.0109144687652588
-373,3.38090209960938,-372.999999875,-0.0159039402008057
-372.5,3.39083862304688,-372.499999875,-0.00592499732971191
-372,3.37593383789063,-371.999999875,-0.0109144687652588
-371.5,3.38587036132813,-371.499999875,-0.00592499732971191
-371,3.37593383789063,-370.999999875,-0.00592499732971191
-370.5,3.38090209960938,-370.499999875,-0.000935525894165039
-370,3.37096557617187,-369.999999875,-0.0159039402008057
-369.5,3.38090209960938,-369.499999875,-0.00592499732971191
-369,3.36599731445313,-368.999999875,-0.0159039402008057
-368.5,3.36599731445313,-368.499999875,-0.0109144687652588
-368,3.36599731445313,-367.999999875,-0.00592499732971191
-367.5,3.35109252929688,-367.499999875,-0.0208934116363525
-367,3.35606079101563,-366.999999875,-0.0159039402008057
-366.5,3.35109252929688,-366.499999875,-0.0159039402008057
-366,3.37096557617187,-365.999999875,-0.00592499732971191
-365.5,3.36102905273438,-365.499999875,-0.0109144687652588
-365,3.36102905273438,-364.999999875,-0.0109144687652588
-364.5,3.34612426757812,-364.499999875,-0.0109144687652588
-364,3.34612426757812,-363.999999875,-0.0109144687652588
-363.5,3.35109252929688,-363.499999875,-0.0109144687652588
-363,3.35606079101563,-362.999999875,-0.0109144687652588
-362.5,3.35109252929688,-362.499999875,-0.0109144687652588
-362,3.34612426757812,-361.999999875,-0.0159039402008057
-361.5,3.34612426757812,-361.499999875,-0.0208934116363525
-361,3.34612426757812,-360.999999875,-0.0109144687652588
-360.5,3.34115600585938,-360.499999875,-0.0208934116363525
-360,3.34115600585938,-359.999999875,-0.0159039402008057
-359.5,3.34115600585938,-359.499999875,-0.0159039402008057
-359,3.33121948242188,-358.999999875,-0.0159039402008057
-358.5,3.32625122070313,-358.499999875,-0.0159039402008057
-358,3.33618774414063,-357.999999875,-0.0109144687652588
-357.5,3.33618774414063,-357.499999875,-0.0109144687652588
-357,3.33121948242188,-356.999999875,-0.00592499732971191
-356.5,3.33121948242188,-356.499999875,-0.0159039402008057
-356,3.32625122070313,-355.999999875,-0.0159039402008057
-355.5,3.32128295898437,-355.499999875,-0.0109144687652588
-355,3.32625122070313,-354.999999875,-0.00592499732971191
-354.5,3.31631469726563,-354.499999875,-0.0159039402008057
-354,3.32128295898437,-353.999999875,-0.0109144687652588
-353.5,3.31631469726563,-353.499999875,-0.0159039402008057
-353,3.32128295898437,-352.999999875,-0.0208934116363525
-352.5,3.31631469726563,-352.499999875,-0.0109144687652588
-352,3.32128295898437,-351.999999875,-0.0109144687652588
-351.5,3.31134643554688,-351.499999875,-0.00592499732971191
-351,3.30637817382813,-350.999999875,-0.0109144687652588
-350.5,3.30637817382813,-350.499999875,-0.0109144687652588
-350,3.31631469726563,-349.999999875,-0.00592499732971191
-349.5,3.30637817382813,-349.499999875,-0.0159039402008057
-349,3.31134643554688,-348.999999875,-0.000935525894165039
-348.5,3.31631469726563,-348.499999875,-0.000935525894165039
-348,3.30140991210938,-347.999999875,-0.000935525894165039
-347.5,3.30140991210938,-347.499999875,-0.0109144687652588
-347,3.30140991210938,-346.999999875,-0.00592499732971191
-346.5,3.29147338867188,-346.499999875,-0.00592499732971191
-346,3.29147338867188,-345.999999875,-0.0109144687652588
-345.5,3.29644165039062,-345.499999875,-0.00592499732971191
-345,3.28650512695313,-344.999999875,-0.0208934116363525
-344.5,3.29644165039062,-344.499999875,-0.0159039402008057
-344,3.29147338867188,-343.999999875,-0.0109144687652588
-343.5,3.28153686523438,-343.499999875,-0.00592499732971191
-343,3.29147338867188,-342.999999875,-0.00592499732971191
-342.5,3.28153686523438,-342.499999875,-0.0109144687652588
-342,3.28153686523438,-341.999999875,-0.0109144687652588
-341.5,3.27656860351563,-341.499999875,-0.0159039402008057
-341,3.27160034179687,-340.999999875,-0.0159039402008057
-340.5,3.28650512695313,-340.499999875,-0.0109144687652588
-340,3.26166381835938,-339.999999875,-0.0208934116363525
-339.5,3.28650512695313,-339.499999875,-0.00592499732971191
-339,3.27656860351563,-338.999999875,-0.00592499732971191
-338.5,3.26166381835938,-338.499999875,-0.0109144687652588
-338,3.27160034179687,-337.999999875,-0.0159039402008057
-337.5,3.27160034179687,-337.499999875,-0.0109144687652588
-337,3.27160034179687,-336.999999875,-0.00592499732971191
-336.5,3.27656860351563,-336.499999875,-0.0109144687652588
-336,3.26166381835938,-335.999999875,-0.0109144687652588
-335.5,3.27160034179687,-335.499999875,-0.000935525894165039
-335,3.26166381835938,-334.999999875,-0.000935525894165039
-334.5,3.26663208007813,-334.499999875,-0.0109144687652588
-334,3.26166381835938,-333.999999875,-0.0109144687652588
-333.5,3.24675903320312,-333.499999875,-0.00592499732971191
-333,3.25172729492188,-332.999999875,-0.000935525894165039
-332.5,3.25172729492188,-332.499999875,-0.0109144687652588
-332,3.24675903320312,-331.999999875,-0.0109144687652588
-331.5,3.23682250976563,-331.499999875,-0.00592499732971191
-331,3.24675903320312,-330.999999875,-0.0109144687652588
-330.5,3.24675903320312,-330.499999875,-0.0109144687652588
-330,3.24675903320312,-329.999999875,-0.0159039402008057
-329.5,3.24675903320312,-329.499999875,-0.0109144687652588
-329,3.24675903320312,-328.999999875,-0.00592499732971191
-328.5,3.22688598632813,-328.499999875,-0.0208934116363525
-328,3.24179077148438,-327.999999875,-0.000935525894165039
-327.5,3.24179077148438,-327.499999875,-0.00592499732971191
-327,3.23185424804688,-326.999999875,-0.0109144687652588
-326.5,3.23682250976563,-326.499999875,-0.00592499732971191
-326,3.23682250976563,-325.999999875,-0.00592499732971191
-325.5,3.23185424804688,-325.499999875,-0.00592499732971191
-325,3.22688598632813,-324.999999875,-0.0159039402008057
-324.5,3.22191772460937,-324.499999875,-0.0109144687652588
-324,3.22191772460937,-323.999999875,-0.0109144687652588
-323.5,3.22191772460937,-323.499999875,-0.0159039402008057
-323,3.21694946289063,-322.999999875,-0.0208934116363525
-322.5,3.21694946289063,-322.499999875,-0.0109144687652588
-322,3.21694946289063,-321.999999875,-0.0159039402008057
-321.5,3.21694946289063,-321.499999875,-0.00592499732971191
-321,3.20701293945313,-320.999999875,-0.0109144687652588
-320.5,3.21694946289063,-320.499999875,-0.000935525894165039
-320,3.19707641601562,-319.999999875,-0.0109144687652588
-319.5,3.20701293945313,-319.499999875,-0.00592499732971191
-319,3.20701293945313,-318.999999875,-0.00592499732971191
-318.5,3.21198120117188,-318.499999875,-0.00592499732971191
-318,3.21198120117188,-317.999999875,-0.00592499732971191
-317.5,3.21694946289063,-317.499999875,-0.0109144687652588
-317,3.20204467773438,-316.999999875,-0.00592499732971191
-316.5,3.21198120117188,-316.499999875,-0.00592499732971191
-316,3.20701293945313,-315.999999875,-0.0109144687652588
-315.5,3.21198120117188,-315.499999875,-0.000935525894165039
-315,3.20204467773438,-314.999999875,-0.00592499732971191
-314.5,3.19707641601562,-314.499999875,-0.0159039402008057
-314,3.19707641601562,-313.999999875,-0.0109144687652588
-313.5,3.19707641601562,-313.499999875,-0.00592499732971191
-313,3.19210815429688,-312.999999875,-0.0109144687652588
-312.5,3.18713989257813,-312.499999875,-0.000935525894165039
-312,3.18217163085938,-311.999999875,-0.00592499732971191
-311.5,3.18217163085938,-311.499999875,-0.000935525894165039
-311,3.18713989257813,-310.999999875,-0.000935525894165039
-310.5,3.17720336914063,-310.499999875,-0.0208934116363525
-310,3.18713989257813,-309.999999875,-0.00592499732971191
-309.5,3.18217163085938,-309.499999875,-0.0109144687652588
-309,3.17223510742187,-308.999999875,-0.00592499732971191
-308.5,3.18217163085938,-308.499999875,-0.0109144687652588
-308,3.18217163085938,-307.999999875,-0.00592499732971191
-307.5,3.17720336914063,-307.499999875,-0.0159039402008057
-307,3.17223510742187,-306.999999875,-0.000935525894165039
-306.5,3.17720336914063,-306.499999875,-0.00592499732971191
-306,3.16229858398438,-305.999999875,-0.0109144687652588
-305.5,3.17223510742187,-305.499999875,-0.000935525894165039
-305,3.16726684570312,-304.999999875,-0.0109144687652588
-304.5,3.16726684570312,-304.499999875,-0.0109144687652588
-304,3.15733032226563,-303.999999875,-0.0109144687652588
-303.5,3.16726684570312,-303.499999875,-0.0159039402008057
-303,3.15733032226563,-302.999999875,-0.0109144687652588
-302.5,3.15733032226563,-302.499999875,-0.00592499732971191
-302,3.16229858398438,-301.999999875,-0.00592499732971191
-301.5,3.16726684570312,-301.499999875,-0.00592499732971191
-301,3.15236206054688,-300.999999875,-0.00592499732971191
-300.5,3.15733032226563,-300.499999875,-0.00592499732971191
-300,3.14739379882812,-299.999999875,-0.0109144687652588
-299.5,3.15236206054688,-299.499999875,-0.0109144687652588
-299,3.14739379882812,-298.999999875,-0.000935525894165039
-298.5,3.13745727539063,-298.499999875,-0.0208934116363525
-298,3.14242553710937,-297.999999875,-0.0159039402008057
-297.5,3.14739379882812,-297.499999875,-0.0109144687652588
-297,3.14739379882812,-296.999999875,-0.0109144687652588
-296.5,3.14739379882812,-296.499999875,-0.00592499732971191
-296,3.14242553710937,-295.999999875,-0.00592499732971191
-295.5,3.13745727539063,-295.499999875,-0.000935525894165039
-295,3.13745727539063,-294.999999875,-0.0109144687652588
-294.5,3.13745727539063,-294.499999875,-0.0159039402008057
-294,3.13248901367188,-293.999999875,-0.0159039402008057
-293.5,3.13745727539063,-293.499999875,-0.00592499732971191
-293,3.13745727539063,-292.999999875,-0.0208934116363525
-292.5,3.13248901367188,-292.499999875,-0.0109144687652588
-292,3.13745727539063,-291.999999875,-0.00592499732971191
-291.5,3.12752075195313,-291.499999875,-0.0109144687652588
-291,3.12752075195313,-290.999999875,-0.0109144687652588
-290.5,3.12752075195313,-290.499999875,-0.0109144687652588
-290,3.11758422851562,-289.999999875,-0.00592499732971191
-289.5,3.11261596679688,-289.499999875,-0.00592499732971191
-289,3.11261596679688,-288.999999875,-0.00592499732971191
-288.5,3.12255249023437,-288.499999875,-0.000935525894165039
-288,3.11261596679688,-287.999999875,-0.0109144687652588
-287.5,3.10267944335938,-287.499999875,-0.0159039402008057
-287,3.10764770507813,-286.999999875,-0.00592499732971191
-286.5,3.11758422851562,-286.499999875,-0.00592499732971191
-286,3.10267944335938,-285.999999875,-0.00592499732971191
-285.5,3.09771118164062,-285.499999875,-0.00592499732971191
-285,3.09274291992187,-284.999999875,-0.0109144687652588
-284.5,3.09274291992187,-284.499999875,-0.0109144687652588
-284,3.09771118164062,-283.999999875,-0.0109144687652588
-283.5,3.10267944335938,-283.499999875,-0.00592499732971191
-283,3.09274291992187,-282.999999875,-0.000935525894165039
-282.5,3.09771118164062,-282.499999875,-0.000935525894165039
-282,3.09771118164062,-281.999999875,-0.00592499732971191
-281.5,3.09274291992187,-281.499999875,-0.00592499732971191
-281,3.09274291992187,-280.999999875,-0.0109144687652588
-280.5,3.08777465820313,-280.499999875,-0.00592499732971191
-280,3.08280639648438,-279.999999875,-0.00592499732971191
-279.5,3.08777465820313,-279.499999875,-0.000935525894165039
-279,3.08777465820313,-278.999999875,-0.000935525894165039
-278.5,3.08280639648438,-278.499999875,-0.00592499732971191
-278,3.08777465820313,-277.999999875,-0.00592499732971191
-277.5,3.08280639648438,-277.499999875,-0.0159039402008057
-277,3.08280639648438,-276.999999875,-0.00592499732971191
-276.5,3.07783813476563,-276.499999875,-0.0109144687652588
-276,3.07783813476563,-275.999999875,-0.0109144687652588
-275.5,3.07783813476563,-275.499999875,-0.0159039402008057
-275,3.07286987304687,-274.999999875,-0.000935525894165039
-274.5,3.07286987304687,-274.499999875,-0.0109144687652588
-274,3.07783813476563,-273.999999875,-0.00592499732971191
-273.5,3.06790161132812,-273.499999875,-0.00592499732971191
-273,3.08280639648438,-272.999999875,-0.000935525894165039
-272.5,3.07286987304687,-272.499999875,-0.00592499732971191
-272,3.07783813476563,-271.999999875,-0.0109144687652588
-271.5,3.06790161132812,-271.499999875,-0.00592499732971191
-271,3.06790161132812,-270.999999875,-0.00592499732971191
-270.5,3.06293334960938,-270.499999875,-0.0109144687652588
-270,3.06293334960938,-269.999999875,-0.000935525894165039
-269.5,3.07783813476563,-269.499999875,-0.000935525894165039
-269,3.06293334960938,-268.999999875,-0.0109144687652588
-268.5,3.05299682617188,-268.499999875,-0.0159039402008057
-268,3.06293334960938,-267.999999875,-0.0109144687652588
-267.5,3.06790161132812,-267.499999875,-0.0159039402008057
-267,3.05796508789063,-266.999999875,-0.0109144687652588
-266.5,3.04802856445312,-266.499999875,-0.0109144687652588
-266,3.05796508789063,-265.999999875,-0.0159039402008057
-265.5,3.05299682617188,-265.499999875,-0.0109144687652588
-265,3.05796508789063,-264.999999875,-0.000935525894165039
-264.5,3.05796508789063,-264.499999875,0.00405394554138184
-264,3.05299682617188,-263.999999875,0.00405394554138184
-263.5,3.04802856445312,-263.499999875,-0.0159039402008057
-263,3.04802856445312,-262.999999875,-0.0109144687652588
-262.5,3.03809204101563,-262.499999875,-0.0159039402008057
-262,3.04306030273437,-261.999999875,-0.00592499732971191
-261.5,3.04802856445312,-261.499999875,-0.000935525894165039
-261,3.04306030273437,-260.999999875,0.00405394554138184
-260.5,3.04306030273437,-260.499999875,-0.00592499732971191
-260,3.02815551757813,-259.999999875,-0.0109144687652588
-259.5,3.03809204101563,-259.499999875,-0.00592499732971191
-259,3.03809204101563,-258.999999875,0.00405394554138184
-258.5,3.04306030273437,-258.499999875,-0.00592499732971191
-258,3.03312377929688,-257.999999875,-0.0109144687652588
-257.5,3.04306030273437,-257.499999875,-0.00592499732971191
-257,3.02815551757813,-256.999999875,-0.0109144687652588
-256.5,3.01821899414062,-256.499999875,-0.0159039402008057
-256,3.02815551757813,-255.999999875,-0.0208934116363525
-255.5,3.02815551757813,-255.499999875,-0.0159039402008057
-255,3.02318725585937,-254.999999875,-0.0109144687652588
-254.5,3.01325073242188,-254.499999875,-0.0159039402008057
-254,3.01821899414062,-253.999999875,-0.00592499732971191
-253.5,3.01325073242188,-253.499999875,-0.0159039402008057
-253,3.01821899414062,-252.999999875,-0.0109144687652588
-252.5,3.00331420898438,-252.499999875,-0.00592499732971191
-252,3.01325073242188,-251.999999875,-0.0159039402008057
-251.5,3.00331420898438,-251.499999875,-0.0159039402008057
-251,3.00828247070313,-250.999999875,-0.0159039402008057
-250.5,3.01325073242188,-250.499999875,-0.00592499732971191
-250,2.99834594726562,-249.999999875,-0.00592499732971191
-249.5,2.99834594726562,-249.499999875,-0.0109144687652588
-249,2.98344116210938,-248.999999875,-0.0109144687652588
-248.5,3.00331420898438,-248.499999875,-0.000935525894165039
-248,2.98840942382813,-247.999999875,-0.000935525894165039
-247.5,2.98840942382813,-247.499999875,-0.0159039402008057
-247,2.97847290039062,-246.999999875,-0.0109144687652588
-246.5,2.98840942382813,-246.499999875,-0.00592499732971191
-246,2.97847290039062,-245.999999875,-0.00592499732971191
-245.5,2.98344116210938,-245.499999875,-0.000935525894165039
-245,2.97847290039062,-244.999999875,-0.00592499732971191
-244.5,2.97350463867187,-244.499999875,-0.0109144687652588
-244,2.98344116210938,-243.999999875,-0.0159039402008057
-243.5,2.97847290039062,-243.499999875,-0.0109144687652588
-243,2.97350463867187,-242.999999875,-0.0109144687652588
-242.5,2.96853637695312,-242.499999875,-0.0109144687652588
-242,2.96356811523438,-241.999999875,-0.0159039402008057
-241.5,2.95363159179687,-241.499999875,-0.0208934116363525
-241,2.96853637695312,-240.999999875,-0.00592499732971191
-240.5,2.96853637695312,-240.499999875,-0.0109144687652588
-240,2.95859985351563,-239.999999875,-0.0109144687652588
-239.5,2.96356811523438,-239.499999875,-0.00592499732971191
-239,2.96356811523438,-238.999999875,-0.0109144687652588
-238.5,2.95859985351563,-238.499999875,-0.000935525894165039
-238,2.95859985351563,-237.999999875,-0.00592499732971191
-237.5,2.95859985351563,-237.499999875,-0.0109144687652588
-237,2.95363159179687,-236.999999875,-0.0159039402008057
-236.5,2.94369506835937,-236.499999875,-0.0109144687652588
-236,2.94866333007812,-235.999999875,-0.0159039402008057
-235.5,2.95363159179687,-235.499999875,-0.0109144687652588
-235,2.95859985351563,-234.999999875,-0.00592499732971191
-234.5,2.95859985351563,-234.499999875,-0.0109144687652588
-234,2.94866333007812,-233.999999875,-0.00592499732971191
-233.5,2.95363159179687,-233.499999875,-0.0109144687652588
-233,2.93872680664063,-232.999999875,-0.00592499732971191
-232.5,2.93872680664063,-232.499999875,-0.0159039402008057
-232,2.94866333007812,-231.999999875,-0.00592499732971191
-231.5,2.93872680664063,-231.499999875,-0.0159039402008057
-231,2.93872680664063,-230.999999875,-0.0109144687652588
-230.5,2.93375854492188,-230.499999875,-0.0109144687652588
-230,2.92879028320312,-229.999999875,-0.00592499732971191
-229.5,2.92382202148437,-229.499999875,-0.0159039402008057
-229,2.92879028320312,-228.999999875,-0.00592499732971191
-228.5,2.93375854492188,-228.499999875,-0.0159039402008057
-228,2.92382202148437,-227.999999875,-0.0109144687652588
-227.5,2.93375854492188,-227.499999875,-0.0159039402008057
-227,2.92879028320312,-226.999999875,-0.0109144687652588
-226.5,2.93872680664063,-226.499999875,-0.0109144687652588
-226,2.93872680664063,-225.999999875,-0.0109144687652588
-225.5,2.91885375976562,-225.499999875,-0.0109144687652588
-225,2.91885375976562,-224.999999875,-0.0109144687652588
-224.5,2.91885375976562,-224.499999875,-0.0159039402008057
-224,2.92879028320312,-223.999999875,-0.00592499732971191
-223.5,2.93872680664063,-223.499999875,-0.0159039402008057
-223,2.91885375976562,-222.999999875,-0.0109144687652588
-222.5,2.92382202148437,-222.499999875,-0.0159039402008057
-222,2.92382202148437,-221.999999875,-0.000935525894165039
-221.5,2.92879028320312,-221.499999875,-0.0109144687652588
-221,2.92382202148437,-220.999999875,-0.000935525894165039
-220.5,2.91388549804688,-220.499999875,-0.0109144687652588
-220,2.90891723632813,-219.999999875,-0.00592499732971191
-219.5,2.91885375976562,-219.499999875,-0.0109144687652588
-219,2.91388549804688,-218.999999875,-0.000935525894165039
-218.5,2.91388549804688,-218.499999875,-0.00592499732971191
-218,2.91885375976562,-217.999999875,-0.0109144687652588
-217.5,2.91885375976562,-217.499999875,-0.00592499732971191
-217,2.90891723632813,-216.999999875,-0.0109144687652588
-216.5,2.89898071289062,-216.499999875,-0.00592499732971191
-216,2.91388549804688,-215.999999875,-0.0109144687652588
-215.5,2.91388549804688,-215.499999875,-0.0109144687652588
-215,2.90394897460937,-214.999999875,-0.0109144687652588
-214.5,2.90891723632813,-214.499999875,-0.00592499732971191
-214,2.89898071289062,-213.999999875,-0.0208934116363525
-213.5,2.90394897460937,-213.499999875,-0.00592499732971191
-213,2.90891723632813,-212.999999875,-0.000935525894165039
-212.5,2.90394897460937,-212.499999875,-0.0109144687652588
-212,2.89898071289062,-211.999999875,-0.00592499732971191
-211.5,2.89898071289062,-211.499999875,-0.00592499732971191
-211,2.89401245117187,-210.999999875,-0.00592499732971191
-210.5,2.89401245117187,-210.499999875,-0.0159039402008057
-210,2.90394897460937,-209.999999875,-0.00592499732971191
-209.5,2.89401245117187,-209.499999875,-0.0109144687652588
-209,2.88904418945313,-208.999999875,-0.00592499732971191
-208.5,2.88904418945313,-208.499999875,-0.00592499732971191
-208,2.88904418945313,-207.999999875,-0.0109144687652588
-207.5,2.88407592773438,-207.499999875,-0.0109144687652588
-207,2.89401245117187,-206.999999875,-0.000935525894165039
-206.5,2.87413940429687,-206.499999875,-0.0159039402008057
-206,2.87910766601562,-205.999999875,-0.00592499732971191
-205.5,2.87910766601562,-205.499999875,-0.000935525894165039
-205,2.87910766601562,-204.999999875,-0.00592499732971191
-204.5,2.86917114257812,-204.499999875,-0.0109144687652588
-204,2.87413940429687,-203.999999875,-0.0159039402008057
-203.5,2.86917114257812,-203.499999875,-0.00592499732971191
-203,2.86917114257812,-202.999999875,-0.0109144687652588
-202.5,2.86420288085938,-202.499999875,-0.0109144687652588
-202,2.86917114257812,-201.999999875,-0.0109144687652588
-201.5,2.86917114257812,-201.499999875,-0.00592499732971191
-201,2.86917114257812,-200.999999875,-0.00592499732971191
-200.5,2.84929809570312,-200.499999875,-0.00592499732971191
-200,2.84929809570312,-199.999999875,-0.0109144687652588
-199.5,2.84929809570312,-199.499999875,-0.0109144687652588
-199,2.85426635742187,-198.999999875,-0.0109144687652588
-198.5,2.84432983398437,-198.499999875,-0.00592499732971191
-198,2.71515502929688,-197.999999875,-0.0208934116363525
-197.5,2.62572631835937,-197.499999875,-0.000935525894165039
-197,2.54126586914063,-196.999999875,-0.0109144687652588
-196.5,2.47667846679687,-196.499999875,-0.000935525894165039
-196,2.43196411132813,-195.999999875,-0.0109144687652588
-195.5,2.38724975585938,-195.499999875,-0.00592499732971191
-195,2.36240844726563,-194.999999875,-0.0159039402008057
-194.5,2.33259887695313,-194.499999875,-0.0159039402008057
-194,2.32763061523437,-193.999999875,-0.0109144687652588
-193.5,2.31272583007813,-193.499999875,-0.0159039402008057
-193,2.30278930664062,-192.999999875,-0.0109144687652588
-192.5,2.30278930664062,-192.499999875,-0.0109144687652588
-192,2.28291625976563,-191.999999875,-0.00592499732971191
-191.5,2.27794799804687,-191.499999875,-0.0109144687652588
-191,2.27297973632812,-190.999999875,-0.00592499732971191
-190.5,2.26801147460938,-190.499999875,-0.0109144687652588
-190,2.25807495117188,-189.999999875,-0.00592499732971191
-189.5,2.26304321289063,-189.499999875,0.00405394554138184
-189,2.24317016601563,-188.999999875,-0.00592499732971191
-188.5,2.23820190429688,-188.499999875,-0.0109144687652588
-188,2.23820190429688,-187.999999875,-0.0109144687652588
-187.5,2.23323364257813,-187.499999875,-0.00592499732971191
-187,2.22826538085937,-186.999999875,-0.0208934116363525
-186.5,2.22329711914062,-186.499999875,-0.0159039402008057
-186,2.22329711914062,-185.999999875,-0.0109144687652588
-185.5,2.21832885742188,-185.499999875,-0.0109144687652588
-185,2.21832885742188,-184.999999875,-0.0109144687652588
-184.5,2.20839233398438,-184.499999875,-0.0109144687652588
-184,2.21336059570313,-183.999999875,-0.0109144687652588
-183.5,2.21832885742188,-183.499999875,-0.00592499732971191
-183,2.21832885742188,-182.999999875,-0.00592499732971191
-182.5,2.21336059570313,-182.499999875,-0.0159039402008057
-182,2.21832885742188,-181.999999875,-0.00592499732971191
-181.5,2.20342407226562,-181.499999875,-0.0159039402008057
-181,2.21336059570313,-180.999999875,-0.000935525894165039
-180.5,2.20839233398438,-180.499999875,-0.0109144687652588
-180,2.19845581054687,-179.999999875,-0.0109144687652588
-179.5,2.20342407226562,-179.499999875,-0.0159039402008057
-179,2.20342407226562,-178.999999875,-0.00592499732971191
-178.5,2.19845581054687,-178.499999875,-0.0159039402008057
-178,2.20839233398438,-177.999999875,0.00405394554138184
-177.5,2.20342407226562,-177.499999875,-0.0109144687652588
-177,2.20839233398438,-176.999999875,-0.0109144687652588
-176.5,2.20342407226562,-176.499999875,-0.00592499732971191
-176,2.20839233398438,-175.999999875,-0.00592499732971191
-175.5,2.20342407226562,-175.499999875,-0.0159039402008057
-175,2.19845581054687,-174.999999875,-0.0159039402008057
-174.5,2.19845581054687,-174.499999875,-0.0159039402008057
-174,2.19845581054687,-173.999999875,-0.0109144687652588
-173.5,2.19845581054687,-173.499999875,-0.0109144687652588
-173,2.19845581054687,-172.999999875,-0.00592499732971191
-172.5,2.19348754882813,-172.499999875,-0.0159039402008057
-172,2.19845581054687,-171.999999875,-0.0109144687652588
-171.5,2.19845581054687,-171.499999875,-0.0109144687652588
-171,2.19845581054687,-170.999999875,-0.00592499732971191
-170.5,2.19348754882813,-170.499999875,-0.0109144687652588
-170,2.18851928710938,-169.999999875,-0.0159039402008057
-169.5,2.18355102539063,-169.499999875,-0.0109144687652588
-169,2.18851928710938,-168.999999875,-0.00592499732971191
-168.5,2.19845581054687,-168.499999875,-0.00592499732971191
-168,2.19348754882813,-167.999999875,-0.0109144687652588
-167.5,2.19348754882813,-167.499999875,-0.0109144687652588
-167,2.18851928710938,-166.999999875,-0.0109144687652588
-166.5,2.18355102539063,-166.499999875,-0.0109144687652588
-166,2.18851928710938,-165.999999875,-0.0109144687652588
-165.5,2.18851928710938,-165.499999875,-0.000935525894165039
-165,2.17858276367187,-164.999999875,-0.0109144687652588
-164.5,2.18355102539063,-164.499999875,-0.0109144687652588
-164,2.18355102539063,-163.999999875,-0.00592499732971191
-163.5,2.18851928710938,-163.499999875,-0.00592499732971191
-163,2.17361450195312,-162.999999875,-0.0109144687652588
-162.5,2.17858276367187,-162.499999875,-0.0109144687652588
-162,2.18355102539063,-161.999999875,-0.000935525894165039
-161.5,2.18851928710938,-161.499999875,-0.00592499732971191
-161,2.18355102539063,-160.999999875,-0.000935525894165039
-160.5,2.18355102539063,-160.499999875,-0.000935525894165039
-160,2.17361450195312,-159.999999875,-0.0208934116363525
-159.5,2.17361450195312,-159.499999875,-0.0159039402008057
-159,2.17858276367187,-158.999999875,-0.0109144687652588
-158.5,2.17361450195312,-158.499999875,-0.0109144687652588
-158,2.16864624023438,-157.999999875,-0.0109144687652588
-157.5,2.17858276367187,-157.499999875,-0.0109144687652588
-157,2.17361450195312,-156.999999875,-0.0109144687652588
-156.5,2.16864624023438,-156.499999875,-0.0109144687652588
-156,2.16367797851563,-155.999999875,-0.0159039402008057
-155.5,2.16864624023438,-155.499999875,-0.00592499732971191
-155,2.17361450195312,-154.999999875,-0.0109144687652588
-154.5,2.16864624023438,-154.499999875,-0.0109144687652588
-154,2.17858276367187,-153.999999875,-0.00592499732971191
-153.5,2.17858276367187,-153.499999875,-0.00592499732971191
-153,2.16367797851563,-152.999999875,-0.0109144687652588
-152.5,2.16864624023438,-152.499999875,-0.0109144687652588
-152,2.15870971679688,-151.999999875,-0.0109144687652588
-151.5,2.16367797851563,-151.499999875,-0.0109144687652588
-151,2.16864624023438,-150.999999875,-0.00592499732971191
-150.5,2.16864624023438,-150.499999875,-0.00592499732971191
-150,2.16864624023438,-149.999999875,-0.00592499732971191
-149.5,2.17361450195312,-149.499999875,-0.0159039402008057
-149,2.16367797851563,-148.999999875,-0.0109144687652588
-148.5,2.17361450195312,-148.499999875,-0.00592499732971191
-148,2.16864624023438,-147.999999875,-0.00592499732971191
-147.5,2.16864624023438,-147.499999875,-0.0109144687652588
-147,2.17361450195312,-146.999999875,-0.00592499732971191
-146.5,2.17361450195312,-146.499999875,-0.00592499732971191
-146,2.17361450195312,-145.999999875,-0.000935525894165039
-145.5,2.16367797851563,-145.499999875,-0.0109144687652588
-145,2.16864624023438,-144.999999875,-0.0109144687652588
-144.5,2.16367797851563,-144.499999875,-0.0109144687652588
-144,2.16864624023438,-143.999999875,-0.000935525894165039
-143.5,2.14877319335937,-143.499999875,-0.0159039402008057
-143,2.16367797851563,-142.999999875,-0.0208934116363525
-142.5,2.15870971679688,-142.499999875,-0.0109144687652588
-142,2.16367797851563,-141.999999875,-0.0109144687652588
-141.5,2.14877319335937,-141.499999875,-0.0109144687652588
-141,2.17361450195312,-140.999999875,-0.000935525894165039
-140.5,2.15374145507812,-140.499999875,-0.00592499732971191
-140,2.16367797851563,-139.999999875,-0.00592499732971191
-139.5,2.16367797851563,-139.499999875,-0.000935525894165039
-139,2.14877319335937,-138.999999875,-0.0109144687652588
-138.5,2.15374145507812,-138.499999875,-0.0109144687652588
-138,2.16367797851563,-137.999999875,-0.0109144687652588
-137.5,2.14877319335937,-137.499999875,-0.0159039402008057
-137,2.14877319335937,-136.999999875,-0.0109144687652588
-136.5,2.15374145507812,-136.499999875,-0.00592499732971191
-136,2.15374145507812,-135.999999875,-0.00592499732971191
-135.5,2.15870971679688,-135.499999875,-0.000935525894165039
-135,2.15374145507812,-134.999999875,-0.0159039402008057
-134.5,2.15870971679688,-134.499999875,-0.0109144687652588
-134,2.15374145507812,-133.999999875,-0.0159039402008057
-133.5,2.15374145507812,-133.499999875,-0.00592499732971191
-133,2.15374145507812,-132.999999875,-0.0109144687652588
-132.5,2.14877319335937,-132.499999875,-0.000935525894165039
-132,2.14380493164063,-131.999999875,-0.0109144687652588
-131.5,2.13386840820313,-131.499999875,-0.0159039402008057
-131,2.14877319335937,-130.999999875,-0.0109144687652588
-130.5,2.14877319335937,-130.499999875,-0.00592499732971191
-130,2.14877319335937,-129.999999875,-0.00592499732971191
-129.5,2.13883666992188,-129.499999875,-0.0109144687652588
-129,2.14380493164063,-128.999999875,-0.0159039402008057
-128.5,2.13883666992188,-128.499999875,-0.0109144687652588
-128,2.13386840820313,-127.999999875,-0.0208934116363525
-127.5,2.14380493164063,-127.499999875,-0.00592499732971191
-127,2.14380493164063,-126.999999875,-0.0109144687652588
-126.5,2.14380493164063,-126.499999875,-0.00592499732971191
-126,2.13883666992188,-125.999999875,-0.0109144687652588
-125.5,2.14380493164063,-125.499999875,-0.00592499732971191
-125,2.13386840820313,-124.999999875,-0.0109144687652588
-124.5,2.13883666992188,-124.499999875,-0.000935525894165039
-124,2.13386840820313,-123.999999875,-0.0159039402008057
-123.5,2.13386840820313,-123.499999875,-0.00592499732971191
-123,2.13386840820313,-122.999999875,-0.000935525894165039
-122.5,2.14380493164063,-122.499999875,-0.0159039402008057
-122,2.13386840820313,-121.999999875,-0.0109144687652588
-121.5,2.13883666992188,-121.499999875,-0.0208934116363525
-121,2.13883666992188,-120.999999875,-0.0109144687652588
-120.5,2.13883666992188,-120.499999875,-0.0159039402008057
-120,2.13386840820313,-119.999999875,-0.0159039402008057
-119.5,2.13883666992188,-119.499999875,-0.0109144687652588
-119,2.12890014648437,-118.999999875,-0.0159039402008057
-118.5,2.12890014648437,-118.499999875,-0.0159039402008057
-118,2.12890014648437,-117.999999875,-0.0109144687652588
-117.5,2.13883666992188,-117.499999875,-0.00592499732971191
-117,2.14380493164063,-116.999999875,-0.000935525894165039
-116.5,2.13386840820313,-116.499999875,-0.0109144687652588
-116,2.12890014648437,-115.999999875,-0.0159039402008057
-115.5,2.13386840820313,-115.499999875,-0.0109144687652588
-115,2.12890014648437,-114.999999875,-0.0109144687652588
-114.5,2.12393188476562,-114.499999875,-0.0109144687652588
-114,2.12890014648437,-113.999999875,-0.0109144687652588
-113.5,2.12890014648437,-113.499999875,-0.0109144687652588
-113,2.11896362304688,-112.999999875,-0.0159039402008057
-112.5,2.12890014648437,-112.499999875,-0.00592499732971191
-112,2.12890014648437,-111.999999875,-0.00592499732971191
-111.5,2.12890014648437,-111.499999875,-0.00592499732971191
-111,2.12890014648437,-110.999999875,-0.0109144687652588
-110.5,2.12890014648437,-110.499999875,-0.0109144687652588
-110,2.11399536132813,-109.999999875,-0.0109144687652588
-109.5,2.11399536132813,-109.499999875,-0.0159039402008057
-109,2.11896362304688,-108.999999875,-0.0109144687652588
-108.5,2.11896362304688,-108.499999875,-0.0109144687652588
-108,2.11896362304688,-107.999999875,-0.0109144687652588
-107.5,2.10902709960938,-107.499999875,-0.00592499732971191
-107,2.11399536132813,-106.999999875,-0.0109144687652588
-106.5,2.11399536132813,-106.499999875,-0.0109144687652588
-106,2.11399536132813,-105.999999875,-0.00592499732971191
-105.5,2.11399536132813,-105.499999875,-0.00592499732971191
-105,2.12393188476562,-104.999999875,-0.0109144687652588
-104.5,2.11896362304688,-104.499999875,-0.000935525894165039
-104,2.11399536132813,-103.999999875,-0.0159039402008057
-103.5,2.10902709960938,-103.499999875,-0.0109144687652588
-103,2.10405883789062,-102.999999875,-0.0159039402008057
-102.5,2.12393188476562,-102.499999875,-0.00592499732971191
-102,2.10405883789062,-101.999999875,-0.0208934116363525
-101.5,2.10405883789062,-101.499999875,-0.0208934116363525
-101,2.11399536132813,-100.999999875,-0.0109144687652588
-100.5,2.10405883789062,-100.499999875,-0.0109144687652588
-100,2.10902709960938,-99.999999875,-0.00592499732971191
-99.5,2.10902709960938,-99.499999875,-0.0159039402008057
-99,2.11399536132813,-98.999999875,-0.0159039402008057
-98.5,2.10405883789062,-98.499999875,-0.0109144687652588
-98,2.09909057617187,-97.999999875,-0.0208934116363525
-97.5,2.09909057617187,-97.499999875,-0.0159039402008057
-97,2.10405883789062,-96.999999875,-0.00592499732971191
-96.5,2.09909057617187,-96.499999875,-0.0109144687652588
-96,2.11399536132813,-95.999999875,-0.00592499732971191
-95.5,2.10902709960938,-95.499999875,-0.0109144687652588
-95,2.10405883789062,-94.999999875,-0.00592499732971191
-94.5,2.09909057617187,-94.499999875,-0.0159039402008057
-94,2.09909057617187,-93.999999875,-0.0208934116363525
-93.5,2.08418579101563,-93.499999875,-0.0159039402008057
-93,2.09412231445313,-92.999999875,-0.0208934116363525
-92.5,2.09909057617187,-92.499999875,-0.0109144687652588
-92,2.09909057617187,-91.999999875,-0.0109144687652588
-91.5,2.10405883789062,-91.499999875,-0.0109144687652588
-91,2.08915405273438,-90.999999875,-0.0159039402008057
-90.5,2.10902709960938,-90.499999875,-0.00592499732971191
-90,2.09909057617187,-89.999999875,-0.00592499732971191
-89.5,2.09412231445313,-89.499999875,-0.0109144687652588
-89,2.10405883789062,-88.999999875,-0.0109144687652588
-88.5,2.09909057617187,-88.499999875,-0.00592499732971191
-88,2.09909057617187,-87.999999875,-0.000935525894165039
-87.5,2.09909057617187,-87.499999875,-0.000935525894165039
-87,2.09909057617187,-86.999999875,-0.0109144687652588
-86.5,2.09412231445313,-86.499999875,-0.0109144687652588
-86,2.09909057617187,-85.999999875,-0.0109144687652588
-85.5,2.08915405273438,-85.499999875,-0.0159039402008057
-85,2.09412231445313,-84.999999875,-0.0109144687652588
-84.5,2.08418579101563,-84.499999875,-0.0109144687652588
-84,2.08915405273438,-83.999999875,-0.0109144687652588
-83.5,2.08915405273438,-83.499999875,-0.0109144687652588
-83,2.09909057617187,-82.999999875,-0.00592499732971191
-82.5,2.09412231445313,-82.499999875,-0.0159039402008057
-82,2.08418579101563,-81.999999875,-0.0159039402008057
-81.5,2.08418579101563,-81.499999875,-0.0159039402008057
-81,2.09412231445313,-80.999999875,-0.00592499732971191
-80.5,2.07921752929687,-80.499999875,-0.0109144687652588
-80,2.08915405273438,-79.999999875,-0.00592499732971191
-79.5,2.09412231445313,-79.499999875,-0.00592499732971191
-79,2.08418579101563,-78.999999875,-0.0159039402008057
-78.5,2.08915405273438,-78.499999875,-0.0109144687652588
-78,2.08915405273438,-77.999999875,-0.00592499732971191
-77.5,2.08418579101563,-77.499999875,-0.000935525894165039
-77,2.08915405273438,-76.999999875,-0.0159039402008057
-76.5,2.08915405273438,-76.499999875,-0.0159039402008057
-76,2.07424926757812,-75.999999875,-0.0159039402008057
-75.5,2.08418579101563,-75.499999875,-0.0208934116363525
-75,2.07921752929687,-74.999999875,-0.0109144687652588
-74.5,2.07424926757812,-74.499999875,-0.0208934116363525
-74,2.07921752929687,-73.999999875,-0.0109144687652588
-73.5,2.08418579101563,-73.499999875,-0.0159039402008057
-73,2.07921752929687,-72.999999875,-0.0159039402008057
-72.5,2.07921752929687,-72.499999875,-0.0109144687652588
-72,2.07424926757812,-71.999999875,-0.0109144687652588
-71.5,2.08418579101563,-71.499999875,-0.000935525894165039
-71,2.08915405273438,-70.999999875,-0.0109144687652588
-70.5,2.07921752929687,-70.499999875,-0.0159039402008057
-70,2.08418579101563,-69.999999875,-0.0109144687652588
-69.5,2.08418579101563,-69.499999875,-0.00592499732971191
-69,2.07921752929687,-68.999999875,-0.0109144687652588
-68.5,2.07424926757812,-68.499999875,-0.0208934116363525
-68,2.07921752929687,-67.999999875,-0.00592499732971191
-67.5,2.07424926757812,-67.499999875,-0.00592499732971191
-67,2.07921752929687,-66.999999875,-0.0109144687652588
-66.5,2.07921752929687,-66.499999875,-0.0109144687652588
-66,2.07921752929687,-65.999999875,-0.0109144687652588
-65.5,2.08418579101563,-65.499999875,-0.0159039402008057
-65,2.06928100585938,-64.999999875,-0.0159039402008057
-64.5,2.07424926757812,-64.499999875,-0.0109144687652588
-64,2.07424926757812,-63.999999875,-0.0109144687652588
-63.5,2.06928100585938,-63.499999875,-0.0208934116363525
-63,2.07424926757812,-62.999999875,-0.0109144687652588
-62.5,2.06928100585938,-62.499999875,-0.0109144687652588
-62,2.07424926757812,-61.999999875,-0.0109144687652588
-61.5,2.07921752929687,-61.499999875,-0.00592499732971191
-61,2.08418579101563,-60.999999875,-0.0159039402008057
-60.5,2.06928100585938,-60.499999875,-0.0159039402008057
-60,2.07424926757812,-59.999999875,-0.0109144687652588
-59.5,2.07921752929687,-59.499999875,-0.00592499732971191
-59,2.07424926757812,-58.999999875,-0.0208934116363525
-58.5,2.06928100585938,-58.499999875,-0.0109144687652588
-58,2.06928100585938,-57.999999875,-0.00592499732971191
-57.5,2.06431274414063,-57.499999875,-0.0159039402008057
-57,2.06431274414063,-56.999999875,-0.0109144687652588
-56.5,2.06928100585938,-56.499999875,-0.0109144687652588
-56,2.06928100585938,-55.999999875,-0.0109144687652588
-55.5,2.06928100585938,-55.499999875,-0.00592499732971191
-55,2.07424926757812,-54.999999875,-0.0109144687652588
-54.5,2.07424926757812,-54.499999875,-0.0109144687652588
-54,2.06928100585938,-53.999999875,-0.000935525894165039
-53.5,2.06928100585938,-53.499999875,-0.00592499732971191
-53,2.06431274414063,-52.999999875,-0.0109144687652588
-52.5,2.05934448242188,-52.499999875,-0.00592499732971191
-52,2.05934448242188,-51.999999875,-0.0159039402008057
-51.5,2.06431274414063,-51.499999875,-0.0109144687652588
-51,2.06431274414063,-50.999999875,-0.0159039402008057
-50.5,2.05934448242188,-50.499999875,-0.00592499732971191
-50,2.06928100585938,-49.999999875,-0.0159039402008057
-49.5,2.05437622070312,-49.499999875,-0.0159039402008057
-49,2.06431274414063,-48.999999875,-0.00592499732971191
-48.5,2.05934448242188,-48.499999875,-0.0109144687652588
-48,2.05934448242188,-47.999999875,-0.0109144687652588
-47.5,2.06928100585938,-47.499999875,-0.0109144687652588
-47,2.06431274414063,-46.999999875,-0.0109144687652588
-46.5,2.06431274414063,-46.499999875,-0.0159039402008057
-46,2.06928100585938,-45.999999875,-0.0258828830718994
-45.5,2.05934448242188,-45.499999875,-0.0159039402008057
-45,2.07921752929687,-44.999999875,-0.00592499732971191
-44.5,2.06928100585938,-44.499999875,-0.0109144687652588
-44,2.07424926757812,-43.999999875,-0.0109144687652588
-43.5,2.07424926757812,-43.499999875,-0.00592499732971191
-43,2.06431274414063,-42.999999875,-0.00592499732971191
-42.5,2.06928100585938,-42.499999875,-0.0159039402008057
-42,2.06431274414063,-41.999999875,-0.0159039402008057
-41.5,2.06431274414063,-41.499999875,-0.0109144687652588
-41,2.06431274414063,-40.999999875,-0.00592499732971191
-40.5,2.05934448242188,-40.499999875,-0.0109144687652588
-40,2.05934448242188,-39.999999875,-0.0159039402008057
-39.5,2.06928100585938,-39.499999875,-0.00592499732971191
-39,2.05437622070312,-38.999999875,-0.0159039402008057
-38.5,2.06431274414063,-38.499999875,-0.00592499732971191
-38,2.05934448242188,-37.999999875,-0.0208934116363525
-37.5,2.06928100585938,-37.499999875,-0.00592499732971191
-37,2.06431274414063,-36.999999875,-0.0208934116363525
-36.5,2.06431274414063,-36.499999875,-0.0208934116363525
-36,2.06431274414063,-35.999999875,-0.0109144687652588
-35.5,2.06431274414063,-35.499999875,-0.0159039402008057
-35,2.05437622070312,-34.999999875,-0.0159039402008057
-34.5,2.05437622070312,-34.499999875,-0.0159039402008057
-34,2.05934448242188,-33.999999875,-0.00592499732971191
-33.5,2.04940795898437,-33.499999875,-0.0208934116363525
-33,2.05437622070312,-32.999999875,-0.000935525894165039
-32.5,2.04443969726563,-32.499999875,-0.0208934116363525
-32,2.05934448242188,-31.999999875,-0.0109144687652588
-31.5,2.05934448242188,-31.499999875,-0.0109144687652588
-31,2.05934448242188,-30.999999875,-0.0109144687652588
-30.5,2.05437622070312,-30.499999875,-0.0109144687652588
-30,2.05437622070312,-29.999999875,-0.0109144687652588
-29.5,2.05934448242188,-29.499999875,-0.0109144687652588
-29,2.04443969726563,-28.999999875,-0.0109144687652588
-28.5,2.06431274414063,-28.499999875,-0.00592499732971191
-28,2.03947143554688,-27.999999875,-0.0208934116363525
-27.5,2.05437622070312,-27.499999875,-0.0109144687652588
-27,2.04940795898437,-26.999999875,-0.00592499732971191
-26.5,2.05437622070312,-26.499999875,-0.00592499732971191
-26,2.04443969726563,-25.999999875,-0.0159039402008057
-25.5,2.05437622070312,-25.499999875,-0.0159039402008057
-25,2.04443969726563,-24.999999875,-0.0109144687652588
-24.5,2.03947143554688,-24.499999875,-0.0159039402008057
-24,2.04940795898437,-23.999999875,-0.0109144687652588
-23.5,2.04443969726563,-23.499999875,-0.00592499732971191
-23,2.03947143554688,-22.999999875,-0.0208934116363525
-22.5,2.03947143554688,-22.499999875,-0.00592499732971191
-22,2.03450317382813,-21.999999875,-0.00592499732971191
-21.5,2.04443969726563,-21.499999875,-0.00592499732971191
-21,2.03947143554688,-20.999999875,-0.000935525894165039
-20.5,2.03450317382813,-20.499999875,-0.0159039402008057
-20,2.04443969726563,-19.999999875,-0.00592499732971191
-19.5,2.03947143554688,-19.499999875,-0.0109144687652588
-19,2.03947143554688,-18.999999875,-0.0109144687652588
-18.5,2.04940795898437,-18.499999875,-0.00592499732971191
-18,2.03947143554688,-17.999999875,-0.00592499732971191
-17.5,2.03450317382813,-17.499999875,-0.0109144687652588
-17,2.03450317382813,-16.999999875,-0.0208934116363525
-16.5,2.04443969726563,-16.499999875,-0.0159039402008057
-16,2.03450317382813,-15.999999875,-0.0159039402008057
-15.5,2.03450317382813,-15.499999875,-0.0109144687652588
-15,2.03947143554688,-14.999999875,-0.00592499732971191
-14.5,2.03947143554688,-14.499999875,-0.00592499732971191
-14,2.02953491210937,-13.999999875,-0.0159039402008057
-13.5,2.03947143554688,-13.499999875,-0.0109144687652588
-13,2.03450317382813,-12.999999875,-0.0109144687652588
-12.5,2.03947143554688,-12.499999875,-0.0109144687652588
-12,2.03947143554688,-11.999999875,-0.00592499732971191
-11.5,2.03947143554688,-11.499999875,-0.00592499732971191
-11,2.04443969726563,-10.999999875,-0.00592499732971191
-10.5,2.03947143554688,-10.499999875,-0.00592499732971191
-10,2.02953491210937,-9.999999875,-0.00592499732971191
-9.5,2.03947143554688,-9.499999875,-0.00592499732971191
-9,2.02953491210937,-8.999999875,-0.0159039402008057
-8.5,2.03450317382813,-8.499999875,-0.0109144687652588
-8,2.03450317382813,-7.999999875,-0.0109144687652588
-7.5,2.03947143554688,-7.499999875,-0.0109144687652588
-7,2.03450317382813,-6.999999875,-0.0109144687652588
-6.5,2.03450317382813,-6.499999875,-0.0159039402008057
-6,2.03947143554688,-5.999999875,-0.0109144687652588
-5.5,2.01959838867188,-5.499999875,-0.0109144687652588
-5,2.03947143554688,-4.999999875,-0.00592499732971191
-4.5,2.02456665039062,-4.499999875,-0.0159039402008057
-4,2.03450317382813,-3.999999875,-0.0159039402008057
-3.5,2.02953491210937,-3.499999875,-0.0109144687652588
-3,2.02456665039062,-2.999999875,-0.0208934116363525
-2.5,2.03450317382813,-2.499999875,-0.00592499732971191
-2,2.02953491210937,-1.999999875,-0.0159039402008057
-1.5,2.02953491210937,-1.499999875,-0.0109144687652588
-1,2.02953491210937,-0.999999875,-0.0109144687652588
-0.5,2.03947143554688,-0.499999875,-0.0159039402008057
0,2.03450317382813,0.000000125,-0.00592499732971191
